{
  "rankings": 3.928542375564575,
  "margins": 13.263427734375
}